<?xml version="1.0" encoding="UTF-8"?>
<GenRun Id="impl_1" LaunchPart="xc7a100tcsg324-1" LaunchTime="1619557119">
  <File Type="PA-TCL" Name="PmodOLEDCtrl.tcl"/>
  <File Type="BITSTR-BMM" Name="PmodOLEDCtrl_bd.bmm"/>
  <File Type="REPORTS-TCL" Name="PmodOLEDCtrl_reports.tcl"/>
  <File Type="OPT-DCP" Name="PmodOLEDCtrl_opt.dcp"/>
  <File Type="OPT-HWDEF" Name="PmodOLEDCtrl.hwdef"/>
  <File Type="PWROPT-DCP" Name="PmodOLEDCtrl_pwropt.dcp"/>
  <File Type="PLACE-DCP" Name="PmodOLEDCtrl_placed.dcp"/>
  <File Type="PLACE-PRE-SIMILARITY" Name="PmodOLEDCtrl_incremental_reuse_pre_placed.rpt"/>
  <File Type="BG-BGN" Name="PmodOLEDCtrl.bgn"/>
  <File Type="POSTPLACE-PWROPT-DCP" Name="PmodOLEDCtrl_postplace_pwropt.dcp"/>
  <File Type="BG-BIN" Name="PmodOLEDCtrl.bin"/>
  <File Type="PHYSOPT-DCP" Name="PmodOLEDCtrl_physopt.dcp"/>
  <File Type="BITSTR-MSK" Name="PmodOLEDCtrl.msk"/>
  <File Type="ROUTE-ERROR-DCP" Name="PmodOLEDCtrl_routed_error.dcp"/>
  <File Type="ROUTE-DCP" Name="PmodOLEDCtrl_routed.dcp"/>
  <File Type="ROUTE-BLACKBOX-DCP" Name="PmodOLEDCtrl_routed_bb.dcp"/>
  <File Type="BITSTR-LTX" Name="PmodOLEDCtrl.ltx"/>
  <File Type="BITSTR-MMI" Name="PmodOLEDCtrl.mmi"/>
  <File Type="BITSTR-SYSDEF" Name="PmodOLEDCtrl.sysdef"/>
  <File Type="ROUTE-TIMING-PB" Name="PmodOLEDCtrl_timing_summary_routed.pb"/>
  <File Type="POSTROUTE-PHYSOPT-DCP" Name="PmodOLEDCtrl_postroute_physopt.dcp"/>
  <File Type="POSTROUTE-PHYSOPT-BLACKBOX-DCP" Name="PmodOLEDCtrl_postroute_physopt_bb.dcp"/>
  <File Type="BG-BIT" Name="PmodOLEDCtrl.bit"/>
  <File Type="BITSTR-RBT" Name="PmodOLEDCtrl.rbt"/>
  <File Type="BITSTR-NKY" Name="PmodOLEDCtrl.nky"/>
  <File Type="BG-DRC" Name="PmodOLEDCtrl.drc"/>
  <File Type="RDI-RDI" Name="PmodOLEDCtrl.vdi"/>
  <File Type="WBT-USG" Name="usage_statistics_webtalk.html"/>
  <FileSet Name="sources" Type="DesignSrcs" RelSrcDir="$PSRCDIR/sources_1">
    <Filter Type="Srcs"/>
    <File Path="$PSRCDIR/sources_1/imports/PmodOLED_Source/Delay.vhd">
      <FileInfo>
        <Attr Name="ImportPath" Val="$PPRDIR/../../../ISE/PmodOLED_Source/Delay.vhd"/>
        <Attr Name="ImportTime" Val="1319793102"/>
        <Attr Name="UsedIn" Val="synthesis"/>
        <Attr Name="UsedIn" Val="simulation"/>
      </FileInfo>
    </File>
    <File Path="$PSRCDIR/sources_1/imports/PmodOLED_Source/OledExample.vhd">
      <FileInfo>
        <Attr Name="ImportPath" Val="$PPRDIR/../../../ISE/PmodOLED_Source/OledExample.vhd"/>
        <Attr Name="ImportTime" Val="1320104018"/>
        <Attr Name="UsedIn" Val="synthesis"/>
        <Attr Name="UsedIn" Val="simulation"/>
      </FileInfo>
    </File>
    <File Path="$PSRCDIR/sources_1/imports/PmodOLED_Source/OledInit.vhd">
      <FileInfo>
        <Attr Name="ImportPath" Val="$PPRDIR/../../../ISE/PmodOLED_Source/OledInit.vhd"/>
        <Attr Name="ImportTime" Val="1320105312"/>
        <Attr Name="UsedIn" Val="synthesis"/>
        <Attr Name="UsedIn" Val="simulation"/>
      </FileInfo>
    </File>
    <File Path="$PSRCDIR/sources_1/imports/PmodOLED_Source/SpiCtrl.vhd">
      <FileInfo>
        <Attr Name="ImportPath" Val="$PPRDIR/../../../ISE/PmodOLED_Source/SpiCtrl.vhd"/>
        <Attr Name="ImportTime" Val="1320101068"/>
        <Attr Name="UsedIn" Val="synthesis"/>
        <Attr Name="UsedIn" Val="simulation"/>
      </FileInfo>
    </File>
    <File Path="$PSRCDIR/sources_1/imports/PmodOLED_Source/PmodOLEDCtrl.vhd">
      <FileInfo>
        <Attr Name="ImportPath" Val="$PPRDIR/../../../ISE/PmodOLED_Source/PmodOLEDCtrl.vhd"/>
        <Attr Name="ImportTime" Val="1320104786"/>
        <Attr Name="UsedIn" Val="synthesis"/>
        <Attr Name="UsedIn" Val="simulation"/>
      </FileInfo>
    </File>
    <File Path="$PSRCDIR/sources_1/imports/PmodOLED_Source/charLib.mif">
      <FileInfo>
        <Attr Name="ImportPath" Val="$PPRDIR/../../../ISE/14/PmodOLED_Source/charLib.mif"/>
        <Attr Name="ImportTime" Val="1319086474"/>
        <Attr Name="UsedIn" Val="synthesis"/>
        <Attr Name="UsedIn" Val="simulation"/>
      </FileInfo>
    </File>
    <File Path="$PSRCDIR/sources_1/ip/blk_mem_gen_v6_3/blk_mem_gen_v6_3.upgrade_log"/>
    <File Path="$PSRCDIR/sources_1/ip/charLib/charLib.upgrade_log"/>
    <File Path="$PSRCDIR/characterLib.coe">
      <FileInfo>
        <Attr Name="UsedIn" Val="synthesis"/>
        <Attr Name="UsedIn" Val="simulation"/>
      </FileInfo>
    </File>
    <File Path="$PPRDIR/../../../ISE/14/PmodOLED_Source/charLib.coe">
      <FileInfo>
        <Attr Name="UsedIn" Val="synthesis"/>
        <Attr Name="UsedIn" Val="simulation"/>
      </FileInfo>
    </File>
    <Config>
      <Option Name="DesignMode" Val="RTL"/>
      <Option Name="TopModule" Val="PmodOLEDCtrl"/>
      <Option Name="TopAutoSet" Val="TRUE"/>
    </Config>
  </FileSet>
  <FileSet Name="constrs_in" Type="Constrs" RelSrcDir="$PSRCDIR/constrs_1">
    <Filter Type="Constrs"/>
    <File Path="$PSRCDIR/constrs_1/imports/XDC/Nexys4_Master.xdc">
      <FileInfo>
        <Attr Name="ImportPath" Val="$PPRDIR/../../XDC/Nexys4_Master.xdc"/>
        <Attr Name="ImportTime" Val="1425007810"/>
        <Attr Name="UsedIn" Val="synthesis"/>
        <Attr Name="UsedIn" Val="implementation"/>
      </FileInfo>
    </File>
    <Config>
      <Option Name="ConstrsType" Val="XDC"/>
    </Config>
  </FileSet>
  <Strategy Version="1" Minor="2">
    <StratHandle Name="Vivado Implementation Defaults" Flow="Vivado Implementation 2015"/>
    <Step Id="init_design"/>
    <Step Id="opt_design"/>
    <Step Id="power_opt_design"/>
    <Step Id="place_design"/>
    <Step Id="post_place_power_opt_design"/>
    <Step Id="phys_opt_design"/>
    <Step Id="route_design"/>
    <Step Id="post_route_phys_opt_design"/>
    <Step Id="write_bitstream"/>
  </Strategy>
  <BlockFileSet Type="BlockSrcs" Name="charLib"/>
</GenRun>
