<?xml version="1.0"?>
<Runs Version="1" Minor="0">
	<Run Id="charLib_synth_1" LaunchDir="C:/Users/justi/OneDrive/Documents/Nexys4OLEDdemo/Nexys4OLEDdemo.runs/charLib_synth_1" FlowId="Vivado_Synthesis" FromStepId="vivado" ToStepId="vivado"/>
	<Run Id="synth_1" LaunchDir="C:/Users/justi/OneDrive/Documents/Nexys4OLEDdemo/Nexys4OLEDdemo.runs/synth_1" FlowId="Vivado_Synthesis" FromStepId="vivado" ToStepId="vivado">
		<Parent Id="charLib_synth_1"/>
	</Run>
	<Run Id="impl_1" LaunchDir="C:/Users/justi/OneDrive/Documents/Nexys4OLEDdemo/Nexys4OLEDdemo.runs/impl_1" FlowId="Vivado_Implementation" FromStepId="init_design" ToStepId="write_bitstream">
		<Parent Id="synth_1"/>
		<Parent Id="charLib_synth_1"/>
	</Run>
</Runs>

